tag,title,year
Men's Swimming,Conservative Lawmakers Say Banning Trans Youth From Sports Will Keep the Competition Fair. Some Harvard D1 Athletes Disagree.,2022
Football,Football to Face St. Thomas in Home-and-Home Series in 2023 and 2029,2022
Sports Features,For Gold,2022
Skiing,I Am Speed,2022
Skiing,Hitting the (Xiaohaituo) Slopes: Sophomore Nordic Skiing Standout Drolet Competes in Beijing,2022
Men's Lacrosse,"Okay, AK",2022
Men's Lacrosse,Nothing But Net,2022
Men's Lacrosse,"Goals On and Off the Field: Fred Asare-Konadu Gives Back to Florida Youth, Seeks Legislative Changes in Washington",2022
Football,Wimberly's Winner,2022
Football,Kym-Possible to Bring Down,2022
Football,Hero of Harvard-Yale: Inside Kym Wimberly's Decision to Run it Back,2022
Men's Ice Hockey,Men's Ice Hockey's Abruzzese and Farrell Selected for Team USA in 2022 Olympics,2022
Men's Ice Hockey,Concentra-sean,2022
Women's Ice Hockey,Keely Moy to Represent Switzerland in 2022 Olympics,2022
Women's Ice Hockey,Going for Go(a)ld,2022
Men's Lacrosse,"Men's Lacrosse Co-Captain Olmert Reflects on Leadership Role, Provides Keys for 2022 Season",2021
Men's Crew,"From Harare to Pretoria to Cambridge, Twins Rory and Pat Plunket Are Making Waves",2021
Track and Cross Country,Men’s and Women’s Cross Country Both Turn in Top-25 Finishes at NCAAs,2021
Game Stories,Harvard Crew Wraps Up Fall at Foot of the Charles,2021
Women's Ice Hockey,Women’s Hockey Spearheads Movement for Gender Equity in NCAA Tournament,2021
Football,From the Yale Daily News: Veritas Needs Lux,2021
Women's Ice Hockey,"Katey Stone Becomes First Female Head Coach to Reach 500 Wins, Leads Women’s Hockey to 6-3 Record",2021
Men's Basketball,Former Harvard Men’s Basketball Standout and NBA Champion Jeremy Lin ’10 Appointed UNICEF USA Ambassador,2021
Field Hockey,Field Hockey Advances to NCAA Final Four for First Time in Program History After Pair of 1-0 Victories,2021
Field Hockey,No. 12 Field Hockey Set to Face No. 6 Louisville in First Round of NCAA Tournament,2021
Women's Basketball,Women’s Basketball Opens Historic Season with Road Loss to Boston College,2021
Women's Soccer,"Women's Soccer Wins At-Large Bid, Headed to the NCAA Tournament for the First Time Since 2016",2021
Women's Ice Hockey,"No. 10 Women’s Hockey Defeats No. 7 Boston College, 5-2, Continuing Strong Start",2021
Track and Cross Country,"Women’s Cross Country Wins Ivy League Heptagonal Championship, Men Place Second Ahead of Regionals",2021
Women's Volleyball,Shouldering the Responsibility: Women’s Volleyball’s Julia Beckmann Captains Her Team Despite Medical Retirement,2021
Men's Lacrosse,Men's Lacrosse Returns to Field for First Time since March 2020 in Fall Scrimmages,2021
Football,"Ivy League Admits Officiating Error, But Princeton Football Remains Victorious over Harvard",2021
Men's Basketball,A Family of Forbes: Siblings Reconnect with Harvard Basketball,2021
Men's Ice Hockey,Men’s Hockey Picked to Finish Third in ECAC Preseason Coaches Poll,2021
Football,Football Handles Nationally-Ranked Holy Cross 38-13 to Improve to 3-0,2021
Baseball,JuCo to the Show: Owen Holt’s Unorthodox Journey to Professional Baseball,2021
Football,"In Photos: Packed Stands, Historic Milestones, and 1-0 in the Ivy League",2021
Women's Soccer,Undefeated Women’s Soccer Receives National Recognition ahead of Ivy League Opener,2021
Notebooks,"NOTEBOOK: Women’s Soccer Improves to 4-0-1 ahead of Final Pre-Ivy Matches, Best Start since 1996",2021
Notebooks,4-0-1,2021
Sports Features,Aiming Towards a New Goal,2021
Sports Features,The 98 Percent: NIL and a New Era of Opportunity for Harvard Student-Athletes,2021
Sports Features,Shooting From a Distance,2021
Men's Water Polo,Weekend Sports 9-5-21 Photo Essay 9,2021
Men's Water Polo,Weekend Sports 9-5-21 Photo Essay 10,2021
Men's Water Polo,Weekend Sports 9-5-21 Photo Essay 11,2021
Women's Soccer,Weekend Sports 9-5-21 Photo Essay 8,2021
Women's Rugby,Weekend Sports 9-5-21 Photo Essay 5,2021
Women's Rugby,Weekend Sports 9-5-21 Photo Essay 4,2021
Women's Soccer,Weekend Sports 9-5-21 Photo Essay 6,2021
Women's Soccer,In Photos: Harvard Athletic Events Return to Campus in Full Force,2021
Men's Water Polo,Weekend Sports 9-5-21 Photo Essay 10,2021
Women's Rugby,Weekend Sports 9-5-21 Photo Essay 5,2021
Men's Water Polo,Weekend Sports 9-5-21 Photo Essay 11,2021
Women's Soccer,Weekend Sports 9-5-21 Photo Essay 6,2021
Men's Water Polo,Skyline Swim,2021
Men's Water Polo,Out for a Swim,2021
Men's Water Polo,Just Keep Swimming: From Blodgett Pool to Manhattan Rivers,2021
Olympics,Olympian for Life,2021
Olympics,Olympians for Life: A Recap of Harvard’s Student-Athletes at the 2020 Tokyo Games,2021
Men's Crew,"With the Olympics Around the Corner, Harvard and Radcliffe Rowers Prepare to Make Their Mark",2021
Men's Crew,Going for Gold,2021
Women's Rugby,Senior Perspective: Gabrielle Fernandopulle,2021
Baseball,Senior Perspective: Matt Thomas,2021
Sports Features,Dillon Field House,2021
Women's Rugby,It Takes Two to Tackle Jarrell,2021
Women's Squash,Women's Squash Team's Sweet Taste of Victory,2021
Sports Features,Athletes on Leave Tree Map,2021
Football,'Love First': How RuQuan Brown Bounces Back and Makes a Difference,2021
Women's Basketball,Post Player: Former Women’s Basketball Captain Jacqueline Alemany Covers Congress for The Washington Post,2021
Men's Ice Hockey,Moy Siblings Make a Transatlantic Leap,2021
Women's Rugby,Harvard Women’s Rugby Standouts One Step Closer to Representing the United States on Rugby’s Biggest Stage,2021
Sports Features,"A Note to Readers: The Last Supplement of Its Kind, Hopefully",2021
Sports Features,Beginnings and Endings: Parting Shot,2021
Women's Squash,"Life on the Tour: Amanda Sobhy ’15, Haley Mendez ’15, and Sabrina Sobhy ’19 Reflect on Time at Harvard, Pro Squash Careers",2021
Women's Rugby,Harvard Women’s Rugby Standouts One Step Closer to Representing the United States on Rugby’s Biggest Stage,2021
Sports Features,"A Note to Readers: The Last Supplement of Its Kind, Hopefully",2021
Football,Love1,2021
Baseball,Thomas Tees Off,2021
Football,Multi-Positional Star,2021
Women's Rugby,Speedy Spiral,2021
Women's Basketball,To the Hoop,2021
Women's Rugby,Fernandopulle Finds the Try Zone,2021
Women's Rugby,Mask Up,2021
Women's Rugby,Bargell Breaks Through Defender,2021
Women's Soccer,Giving 100 Purcent,2021
Sports Features,The Game '16,2021
Women's Basketball,From Guard to The Post,2021
Men's Ice Hockey,Head Up,2021
Women's Soccer,To the Goal,2021
Women's Soccer,Celly Time,2021
Women's Soccer,Midfielder Lara Schenk Finds Ways to Train Among the Best Despite Pandemic,2021
Ivy League,One Year Later: Harvard Student-Athletes Reflect on Lack of Ivy League Competition Since Last March,2021
Men's Ice Hockey,Reason to Celebrate,2021
Track and Cross Country,Run with a View,2021
Women's Ice Hockey,Welcome to the Lion's Den,2021
Women's Swimming,Walking on Water,2021
Women's Swimming,Off the Blocks,2021
Women's Swimming,"Tri-Captain of Women’s Swim and Dive Team, Cassandra Pasadyn, Activates Advanced Standing",2021
Men's Squash,"Across the Atlantic, Crouin's Work Ethic Remains Strong",2021
Track and Cross Country,Not Throwing Away His Shot: How Alexander Kolesnikoff is Reaching New Heights – and Distances – amid a Global Pandemic,2021
Sports Features,A Note to Readers: 365 Days Later,2021
Women's Swimming,"Tri-Captain of Women’s Swim and Dive Team, Cassandra Pasadyn, Activates Advanced Standing",2021
Men's Basketball,Committed: How Harvard Basketball Has Recruited in a Pandemic,2021
Women's Ice Hockey,A Player’s Coach: Dom Petrie Stays Connected to the Game and Mentors the Next Generation of Girls,2021
Women's Swimming,Flipped Classroom: Elizabeth Miclau Trains for Diving World Championships,2021
Men's Ice Hockey,Reason to Celebrate,2021
Men's Ice Hockey,"With Players Scattered Across the Country, Men’s Hockey Prepares for Uncertain Post-Covid Future",2021
Ivy League,One Year Later: Harvard Student-Athletes Reflect on Lack of Ivy League Competition Since Last March,2021
Women's Basketball,Just one of many options for Coach Delaney-Smith's Zoom background on calls with recruits,2021
Sports Features,365 Days Unlike Any Other,2021
Men's Basketball,Kirkwood Remains Focused,2021
Women's Ice Hockey,Welcome to the Lion's Den,2021
Men's Squash,"Across the Atlantic, Crouin's Work Ethic Remains Strong",2021
Track and Cross Country,Run with a View,2021
Football,3 TDs in 3 OTs,2021
Football,Not Just TDs (FGs Too),2021
Football,"Brate '14 Set to Appear in Super Bowl LV, Marking Back-to-Back Years with Harvard Alum in Game",2021
Baseball,Former Crimson Infielder Peter Woodfork ‘99 Reflects on His Path from Harvard Baseball to Overseeing Minor League Operations,2020
Baseball,Old Stomping Grounds,2020
Women's Crew,"From the Water to a Farm, Caroline Noble Makes Her Mark",2020
Women's Crew,Water-to-Farm-to-Table,2020
Baseball,A Whole New Ballgame,2020
Baseball,Going Yard?,2020
Women's Crew,Farm Fresh,2020
Women's Crew,"From the Water to a Farm, Caroline Noble Makes Her Mark",2020
Sports Features,Australian First-Year Student-Athletes Navigate the New Normal,2020
Men's Crew,On the Open Water,2020
Men's Crew,Victory,2020
Men's Crew,Winding Up,2020
Sports Features,Not This Year,2020
Football,Contact Sport to Combat Sport,2020
Baseball,Slugger,2020
Sports Features,History 1852: Finding Sports When Sports Are Hard to Find,2020
Football,First-Year Linebacker Considers Amateur MMA Fighting in Place of Spring Semester,2020
Baseball,Suddleson Steadfast Despite Lost Season,2020
Women's Crew,Marathon with a Meaning,2020
Women's Crew,Marathon Fundraiser,2020
Women's Rugby,Game Face,2020
Women's Rugby,"With 12-Hour Time Differences and Unprecedented Uncertainty, Rugby Standout Sofie Fella Embraces the New Normal",2020
Women's Rugby,Huddle Up,2020
Sports Features,Black Lives Matter,2020
Sports Features,Bigger than Basketball,2020
Women's Lacrosse,30 Years Later: The Historic Season That Harvard Women’s Lacrosse Was Perfect,2020
Women's Lacrosse,To Be a Student-Athlete,2020
Women's Lacrosse,Senior Celebration,2020
Women's Lacrosse,Pre-Game Hype,2020
Women's Lacrosse,The Champions,2020
Men's Basketball,2020 Vision,2020
Men's Basketball,Head Coach,2020
Women's Crew,Senior Perspective: Grace Eysenbach — Learning from Imperfect Ending,2020
Track and Cross Country,"No Shoe, No Problem: Kieran Tuntivate, Male Athlete of the Year",2020
Women's Squash,"A ‘Quiet Warrior’: Gina Kennedy, Female Athlete of the Year",2020
Football,"The Game for the Ages: Football vs. Yale, Heartbreak of the Year",2020
Track and Cross Country,"Setting Her Own Pace: Abbe Goldstein, Comeback of the Year",2020
Women's Soccer,‘A Unicorn Class’: Women's Soccer Welcomes Historic Recruiting Class,2020
Women's Basketball,‘She Wouldn’t Back Down’: Inside Incoming Athletic Director Erin McDermott’s College Basketball Career,2020
Women's Rugby,"It's Lonely at the Top: Women's Rugby, National Champs and Team of the Year",2020
Men's Water Polo,"Number 200: Men’s Water Polo vs. Princeton, Game of the Year",2020
Baseball,Senior Perspective: Jake Suddleson,2020
Men's Basketball,Senior Perspective: Justin Bassey,2020
Women's Swimming,"Seconds Ahead of Second: Felicia Pasadyn, Female Rookie of the Year",2020
Men's Ice Hockey,"Another Accolade: Nick Abruzzese, Male Rookie of the Year",2020
Year in Sports,A Note to Readers: A Year in Sports Unlike Any Other,2020
Football,"Catch Him if You Can: Aidan Borguet vs. Yale, Individual Performance of the Year",2020
Women's Ice Hockey,"‘This Is Why We Get Skated So Much’: Women’s Ice Hockey Outlasts Yale, Team Performance of the Year",2020
Men's Ice Hockey,Men's Hockey 2019-2020 Season Recap,2020
Men's Tennis,Youth Proves to be the Aces of Harvard Tennis in Abbreviated Season,2020
Men's Tennis,Doubling Down on Youth,2020
Women's Basketball,"Pass First, But Score Too",2020
Women's Basketball,"Changing Course, Former Harvard Basketball Star Benzan Lands on Maryland for Post-Grad Season",2020
Features,"Stars, Stripes, and Oars",2020
Features,Clark Dean’s Olympic Training Put on Pause,2020
Men's Basketball,Going Home: Bryce Aiken Announces Transfer to Seton Hall,2020
Features,Coronavirus Puts Harvard Fencer Elizabeth Tartakovsky’s Olympic Dream On Hold,2020
Men's Basketball,"Much to Give, Plenty to Prove: Seth Towns Returns Home",2020
Men's Basketball,Five-Minute Overtime: Men's Basketball's Post-Practice Drill Pays Dividends,2020
Features,"“Stress with Answers:"" Gina Kennedy and Navigating Pressure in Elite Squash",2020
Men's Basketball,Farther than Farley,2020
Men's Basketball,Three More,2020
Men's Basketball,The Long Road Back: Reed Farley's Return to Men's Basketball,2020
Women's Basketball,Crafting a New Identity: Women's Basketball Midseason Report,2020
Men's Ice Hockey,No. 17 Men's Hockey Falls to No. 12 Northeastern in Beanpot Semifinal,2020
Men's Basketball,All Business,2020
Women's Basketball,"On Education Day, Over One Thousand Local Kids Cheer on Women’s Basketball",2019
Men's Tennis,Harvard Men's Tennis' Family Dynasty: Bo and Lane Leschly,2019
Men's Tennis,Bo Ball,2019
Men's Tennis,Stay in Your Lane,2019
Football,Where All the Action Happens: The Adams Housing Day Video,2019
Football,"Cool Story, Bro(gan)",2019
Men's Basketball,"As Men’s Basketball Heads North, Two Journeys Come Full-Circle",2019
Men's Lacrosse,Gerry Byrne Set to Take the Reins of Harvard Men’s Lacrosse,2019
Women's Basketball,A Fresh But Uncertain Future: 2019-20 Harvard Women’s Basketball Preview,2019
Men's Basketball,High Expectations: 2019-20 Harvard Men's Basketball Preview,2019
Women's Soccer,From Soccer to Survivor: Kellee Kim '12 Competes on Long-Running CBS Show,2019
Sports Features,NCAA Greenlights Players Profiting Off of Image: What's Next?,2019
Football,Healing Through Football: The Return of Hunt Sparks,2019
Women's Basketball,"With Court to Corporate, Kirby Porter ’18 Aims to Reshape the Narrative Around Athletes in Business",2019
Men's Basketball,In Photos: 2019 Crimson Madness,2019
Sports Features,First-Year Athletes Impetus in Scooter Revolution,2019
Sports Features,Deals on Wheels,2019
Men's Crew,Head of the Charles 2019,2019
Sports Features,"Jon Morosi ‘04 Talks Baseball, Harvard, and Sports Journalism",2019
Sports Features,Nostalgia,2019
Sports Features,Leading and Learning Together,2019
Sports Features,Leading Together,2019
Sports Features,Born to Run,2019
Sports Features,A Warm Return,2019
Sports Features,Pit Stops?,2019
Sports Features,Harvard Junior Runs Nearly 70 Miles Back to College,2019
Sports Features,Thesis in Hand,2019
Field Hockey,"Saves Galore: Ellie Shahbo, Female Rookie of the Year",2019
Men's Ice Hockey,Men’s Hockey 2018-2019 Season Recap,2019
Sports Features,Data Feature — 10 Years Later: Where are They Now?,2019
Baseball,Triple Play: Harvard Baseball's Stone Brothers,2019
Men's Basketball,"Double-Clutch: Harvard Men's Basketball vs. Columbia, Game of the Year",2019
Track and Cross Country,"One-Shoe Wonder: Kieran Tuntivate, Male Performance of the Year",2019
Track and Cross Country,"Record Time: Lisa Tertsch, Female Performance of the Year",2019
Women's Golf,"Freshman Phenom: Elizabeth Wang, Female Breakout Athlete of the Year",2019
Men's Basketball,Senior Perspective: Robbie Feinberg,2019
Baseball,"Nine in the Ninth: Baseball vs. Yale, Comeback of the Year",2019
Men's Squash,Squash Supreme: Both Men and Women are Teams of the Year,2019
Field Hockey,"Off to the Horses: Tjerk van Herwaarden, Coach of the Year",2019
Women's Ice Hockey,A Hockey Life: Bradley Fusco,2019
Women's Ice Hockey,"The Puck Stops Here: Lindsay Reed, Female Athlete of the Year",2019
Baseball,"Nine in the Ninth: Baseball vs. Yale, Comeback of the Year",2019
Women's Ice Hockey,"The Puck Stops Here: Lindsay Reed, Female Athlete of the Year",2019
Men's Swimming,"All-American: Dean Farris, Male Athlete of the Year",2019
Sports Features,Alums 08-09 Survey,2019
Sports Features,Say Cheers,2019
Sports Features,Alums 08-09 Seniors,2019
Sports Features,Pupped Up,2019
Sports Features,Alums 08-09 Women's,2019
Sports Features,Alums 08-09 1,2019
Sports Features,Alums 08-09 Men's,2019
Men's Volleyball,Full Circle: Hawaiian Freshmen Reunite at Harvard,2019
Men's Ice Hockey,Men's Hockey's Adam Fox Signs with New York Rangers,2019
Football,"Harvard Senior Larry Allen Jr. Signs with Dallas Cowboys, Continuing Father's Legacy",2019
Club Sports,The Last Gymnasts of Hemenway,2019
Baseball,Shaw Sets Ivy League Saves Record,2019
Men's Soccer,Former Harvard Goalkeeper Matt Freese Debuts for MLS's Philadelphia Union,2019
Track and Cross Country,The Welshman: Freshman Thrower Eyes Big Stage,2019
Softball,The Commander of Soldiers Field: Jenny Allard’s Remarkable Career,2019
Softball,Leading the Way,2019
Softball,Hi-Energy Pitch,2019
Softball,Flashback: Harvard Splits Strange 2018 Ivy League Title,2019
Women's Lacrosse,Hometown Heroes: High School Teammates Reunite on Harvard Women’s Lacrosse,2019
Men's Ice Hockey,Men's Hockey Announces Three Captains for 2019-2020,2019
Sports Features,"As a Tandem, Harvard Senior to Compete with Lifelong Friend in Boston Marathon",2019
Fencing,COLUMN: Authority Figures Must Learn from the Harvard Fencing Scandal,2019
Sports Features,"As a Tandem, Harvard Senior to Compete with Lifelong Friend in Boston Marathon",2019
Sports Features,The Building Where It Happens,2019
Sports Features,Running for a Cause,2019
Baseball,"First Baseman Patrick McColl Leads Team in Batting Average, Runs",2019
Men's Volleyball,It Runs in the Family: Matthew Ctvrtlik's Journey to the Ivy League,2019
Men's Ice Hockey,Thirty Years Later: Men's Hockey's 1989 National Title Inspires Upcoming NCAA Tournament Run,2019
Men's Ice Hockey,Men's Hockey In Photos: The 2018-2019 Regular Season,2019
Sports Features,Harvard Curling Club: From Learn-To-Curl to Nationals,2019
Women's Lacrosse,Former Team USA Goalie Devon Wills Takes Reins for Women’s Lacrosse,2019
Track and Cross Country,Picking up the Pace: Jovahn Williamson Spotlight,2019
Men's Basketball,Reconnecting with the Golden Generation: Harvard Basketball in the 1940's,2019
Women's Ice Hockey,20 Years Later: Reflecting on Harvard’s 1999 National Championship,2019
Sports Features,Spring Sports Supplement 2019,0
Men's Ice Hockey,The Rise of Michael Lackey,2019
Women's Water Polo,Women's Water Polo Still Perfect After Nine Games,2019
Men's Basketball,Remembering Where He Came From: Five Minutes with Jeremy Lin,2019
Men's Basketball,The Supercharger: Rob Baker Sparks Men’s Basketball,2019
Men's Basketball,Remembering Where He Came From: Five Minutes with Jeremy Lin,2019
Men's Basketball,Triple Threat: The Rise of the Three-Pointer at Harvard,2019
Baseball,Harvard Baseball Builds New Friendships in Dominican Republic Trip,2019
Features,Rugby's Recruiting Success and Its 2018 Run to the NIRA Championship Game,2019
Men's Basketball,The Return of Bryce Aiken,2019
Men's Basketball,A Voice Beyond the Court for Harvard Basketball,2019
Men's Ice Hockey,Men's Hockey's Jack Drury Earns Silver at World Junior Championship,2019
Men's Basketball,In Photos: A Trip to Chapel Hill for Harvard Men's Basketball,2019
